,precision,recall,f1-score,support
CNV,0.4742268041237113,0.024559530165509876,0.046700507614213196,3746.0
DME,0.0,0.0,0.0,1161.0
DRUSEN,0.0,0.0,0.0,887.0
NORMAL,0.4727577535624476,0.9877408056042032,0.6394557823129252,5139.0
accuracy,0.47269733833348576,0.47269733833348576,0.47269733833348576,0.47269733833348576
macro avg,0.23674613942153971,0.2530750839424283,0.1715390724817846,10933.0
weighted avg,0.3847027992138334,0.47269733833348576,0.3165739839777706,10933.0
